{
    "config": "/share/project/yxf/project/EVA_dev/src/semantic_segmentation/configs/beit/upernet/upernet_eva2_large_24_512_slide_ms_eval.py",
    "metric": {
        "aAcc": 0.868,
        "mIoU": 0.5964,
        "mAcc": 0.7095,
        "IoU.wall": 0.8290000152587891,
        "IoU.building": 0.8520999908447265,
        "IoU.sky": 0.9497000122070313,
        "IoU.floor": 0.8566000366210937,
        "IoU.tree": 0.7823999786376953,
        "IoU.ceiling": 0.8727999877929687,
        "IoU.road": 0.8691999816894531,
        "IoU.bed ": 0.9315000152587891,
        "IoU.windowpane": 0.6763999938964844,
        "IoU.grass": 0.6619000244140625,
        "IoU.cabinet": 0.7048999786376953,
        "IoU.sidewalk": 0.7348999786376953,
        "IoU.person": 0.8669999694824219,
        "IoU.earth": 0.41389999389648435,
        "IoU.door": 0.6284000015258789,
        "IoU.table": 0.7111000061035156,
        "IoU.mountain": 0.6188999938964844,
        "IoU.plant": 0.572599983215332,
        "IoU.curtain": 0.8055999755859375,
        "IoU.chair": 0.6820999908447266,
        "IoU.car": 0.8880999755859375,
        "IoU.water": 0.6186999893188476,
        "IoU.painting": 0.8009999847412109,
        "IoU.sofa": 0.8366999816894531,
        "IoU.shelf": 0.5406000137329101,
        "IoU.house": 0.5752000045776368,
        "IoU.sea": 0.7641000366210937,
        "IoU.mirror": 0.8102999877929687,
        "IoU.rug": 0.658499984741211,
        "IoU.field": 0.28959999084472654,
        "IoU.armchair": 0.6138000106811523,
        "IoU.seat": 0.6916999816894531,
        "IoU.fence": 0.4834999847412109,
        "IoU.desk": 0.6236000061035156,
        "IoU.rock": 0.5529999923706055,
        "IoU.wardrobe": 0.604900016784668,
        "IoU.lamp": 0.7838999938964843,
        "IoU.bathtub": 0.8688999938964844,
        "IoU.railing": 0.4154000091552734,
        "IoU.cushion": 0.7119000244140625,
        "IoU.base": 0.43290000915527344,
        "IoU.box": 0.4291999816894531,
        "IoU.column": 0.5540000152587891,
        "IoU.signboard": 0.4265999984741211,
        "IoU.chest of drawers": 0.5286000061035157,
        "IoU.counter": 0.41720001220703123,
        "IoU.sand": 0.607599983215332,
        "IoU.sink": 0.8162000274658203,
        "IoU.skyscraper": 0.49290000915527343,
        "IoU.fireplace": 0.7556999969482422,
        "IoU.refrigerator": 0.8547000122070313,
        "IoU.grandstand": 0.6309000015258789,
        "IoU.path": 0.28420000076293944,
        "IoU.stairs": 0.3736000061035156,
        "IoU.runway": 0.7143000030517578,
        "IoU.case": 0.5059000015258789,
        "IoU.pool table": 0.9568000030517578,
        "IoU.pillow": 0.6905999755859376,
        "IoU.screen door": 0.8197000122070313,
        "IoU.stairway": 0.3884000015258789,
        "IoU.river": 0.118100004196167,
        "IoU.bridge": 0.5368000030517578,
        "IoU.bookcase": 0.47049999237060547,
        "IoU.blind": 0.4416999816894531,
        "IoU.coffee table": 0.5972000122070312,
        "IoU.toilet": 0.9155999755859375,
        "IoU.flower": 0.47209999084472654,
        "IoU.book": 0.617599983215332,
        "IoU.hill": 0.15050000190734864,
        "IoU.bench": 0.5972999954223632,
        "IoU.countertop": 0.6383000183105468,
        "IoU.stove": 0.8581999969482422,
        "IoU.palm": 0.5627999877929688,
        "IoU.kitchen island": 0.5616999816894531,
        "IoU.computer": 0.8161000061035156,
        "IoU.swivel chair": 0.46549999237060546,
        "IoU.boat": 0.7462999725341797,
        "IoU.bar": 0.6743000030517579,
        "IoU.arcade machine": 0.587599983215332,
        "IoU.hovel": 0.20510000228881836,
        "IoU.bus": 0.9448999786376953,
        "IoU.towel": 0.7979000091552735,
        "IoU.light": 0.6213000106811524,
        "IoU.truck": 0.524900016784668,
        "IoU.tower": 0.14710000038146973,
        "IoU.chandelier": 0.740999984741211,
        "IoU.awning": 0.380099983215332,
        "IoU.streetlight": 0.38869998931884764,
        "IoU.booth": 0.5993000030517578,
        "IoU.television receiver": 0.8268000030517578,
        "IoU.airplane": 0.8768000030517578,
        "IoU.dirt track": 0.1,
        "IoU.apparel": 0.6566000366210938,
        "IoU.pole": 0.3395999908447266,
        "IoU.land": 0.07400000095367432,
        "IoU.bannister": 0.193799991607666,
        "IoU.escalator": 0.6569999694824219,
        "IoU.ottoman": 0.5318000030517578,
        "IoU.bottle": 0.48889999389648436,
        "IoU.buffet": 0.5602000045776367,
        "IoU.poster": 0.29569999694824217,
        "IoU.stage": 0.23739999771118164,
        "IoU.van": 0.5520999908447266,
        "IoU.ship": 0.8791000366210937,
        "IoU.fountain": 0.3372000122070313,
        "IoU.conveyer belt": 0.8241999816894531,
        "IoU.canopy": 0.5915999984741211,
        "IoU.washer": 0.900199966430664,
        "IoU.plaything": 0.37970001220703126,
        "IoU.swimming pool": 0.5077999877929688,
        "IoU.stool": 0.595,
        "IoU.barrel": 0.7825,
        "IoU.basket": 0.49759998321533205,
        "IoU.waterfall": 0.5168000030517578,
        "IoU.tent": 0.9225,
        "IoU.bag": 0.23600000381469727,
        "IoU.minibike": 0.7712999725341797,
        "IoU.cradle": 0.9012999725341797,
        "IoU.oven": 0.7052999877929688,
        "IoU.ball": 0.6588999938964843,
        "IoU.food": 0.5518999862670898,
        "IoU.step": 0.1463000011444092,
        "IoU.tank": 0.6405000305175781,
        "IoU.trade name": 0.22600000381469726,
        "IoU.microwave": 0.9016999816894531,
        "IoU.pot": 0.6461000061035156,
        "IoU.animal": 0.6743000030517579,
        "IoU.bicycle": 0.6388999938964843,
        "IoU.lake": 0.5565999984741211,
        "IoU.dishwasher": 0.8065000152587891,
        "IoU.screen": 0.6133000183105469,
        "IoU.blanket": 0.35470001220703123,
        "IoU.sculpture": 0.7648999786376953,
        "IoU.hood": 0.7130000305175781,
        "IoU.sconce": 0.6131999969482422,
        "IoU.vase": 0.5425,
        "IoU.traffic light": 0.45029998779296876,
        "IoU.tray": 0.2669000053405762,
        "IoU.ashcan": 0.5709999847412109,
        "IoU.fan": 0.7344999694824219,
        "IoU.pier": 0.4065999984741211,
        "IoU.crt screen": 0.03369999885559082,
        "IoU.plate": 0.6597000122070312,
        "IoU.monitor": 0.5627000045776367,
        "IoU.bulletin board": 0.6529000091552735,
        "IoU.shower": 0.1377999973297119,
        "IoU.radiator": 0.6694999694824219,
        "IoU.glass": 0.24219999313354493,
        "IoU.clock": 0.5790000152587891,
        "IoU.flag": 0.6952999877929688,
        "Acc.wall": 0.9076999664306641,
        "Acc.building": 0.9354000091552734,
        "Acc.sky": 0.976500015258789,
        "Acc.floor": 0.9281999969482422,
        "Acc.tree": 0.8968000030517578,
        "Acc.ceiling": 0.9451000213623046,
        "Acc.road": 0.9226000213623047,
        "Acc.bed ": 0.9776000213623047,
        "Acc.windowpane": 0.8252999877929688,
        "Acc.grass": 0.7848999786376953,
        "Acc.cabinet": 0.8066000366210937,
        "Acc.sidewalk": 0.87,
        "Acc.person": 0.9518000030517578,
        "Acc.earth": 0.5356000137329101,
        "Acc.door": 0.7636000061035156,
        "Acc.table": 0.8147000122070313,
        "Acc.mountain": 0.7441000366210937,
        "Acc.plant": 0.6819000244140625,
        "Acc.curtain": 0.9069000244140625,
        "Acc.chair": 0.8006999969482422,
        "Acc.car": 0.9468000030517578,
        "Acc.water": 0.775199966430664,
        "Acc.painting": 0.9158999633789062,
        "Acc.sofa": 0.9168000030517578,
        "Acc.shelf": 0.6798000335693359,
        "Acc.house": 0.7648000335693359,
        "Acc.sea": 0.8962999725341797,
        "Acc.mirror": 0.8845999908447265,
        "Acc.rug": 0.7362000274658204,
        "Acc.field": 0.555099983215332,
        "Acc.armchair": 0.7766000366210938,
        "Acc.seat": 0.9083999633789063,
        "Acc.fence": 0.6261999893188477,
        "Acc.desk": 0.8087999725341797,
        "Acc.rock": 0.8351000213623047,