{
    "config": "/share/project/yxf/project/EVA_dev/src/semantic_segmentation/configs/eva02/upernet/upernet_eva02_large_24_512_slide_80k.py",
    "metric": {
        "aAcc": 0.8667,
        "mIoU": 0.5977,
        "mAcc": 0.7204999999999999,
        "IoU.wall": 0.8266000366210937,
        "IoU.building": 0.8555000305175782,
        "IoU.sky": 0.9494999694824219,
        "IoU.floor": 0.8473000335693359,
        "IoU.tree": 0.7791999816894531,
        "IoU.ceiling": 0.8733000183105468,
        "IoU.road": 0.8658999633789063,
        "IoU.bed ": 0.9308000183105469,
        "IoU.windowpane": 0.6686000061035157,
        "IoU.grass": 0.6941000366210938,
        "IoU.cabinet": 0.6958999633789062,
        "IoU.sidewalk": 0.7223000335693359,
        "IoU.person": 0.8558999633789063,
        "IoU.earth": 0.40630001068115235,
        "IoU.door": 0.6127000045776367,
        "IoU.table": 0.6883000183105469,
        "IoU.mountain": 0.630099983215332,
        "IoU.plant": 0.5431999969482422,
        "IoU.curtain": 0.7841000366210937,
        "IoU.chair": 0.6766999816894531,
        "IoU.car": 0.879000015258789,
        "IoU.water": 0.6170999908447266,
        "IoU.painting": 0.816500015258789,
        "IoU.sofa": 0.8258000183105468,
        "IoU.shelf": 0.5315000152587891,
        "IoU.house": 0.5363000106811523,
        "IoU.sea": 0.7594000244140625,
        "IoU.mirror": 0.8027999877929688,
        "IoU.rug": 0.6220999908447266,
        "IoU.field": 0.3003000068664551,
        "IoU.armchair": 0.6408000183105469,
        "IoU.seat": 0.673499984741211,
        "IoU.fence": 0.5125,
        "IoU.desk": 0.606599998474121,
        "IoU.rock": 0.5940999984741211,
        "IoU.wardrobe": 0.587400016784668,
        "IoU.lamp": 0.7745999908447265,
        "IoU.bathtub": 0.8491000366210938,
        "IoU.railing": 0.43090000152587893,
        "IoU.cushion": 0.7252999877929688,
        "IoU.base": 0.47779998779296873,
        "IoU.box": 0.4179000091552734,
        "IoU.column": 0.5591999816894532,
        "IoU.signboard": 0.43270000457763674,
        "IoU.chest of drawers": 0.4784000015258789,
        "IoU.counter": 0.5938999938964844,
        "IoU.sand": 0.5847000122070313,
        "IoU.sink": 0.8041999816894532,
        "IoU.skyscraper": 0.47200000762939454,
        "IoU.fireplace": 0.7612000274658203,
        "IoU.refrigerator": 0.8562000274658204,
        "IoU.grandstand": 0.5309000015258789,
        "IoU.path": 0.23579999923706055,
        "IoU.stairs": 0.4225,
        "IoU.runway": 0.7152999877929688,
        "IoU.case": 0.5816999816894531,
        "IoU.pool table": 0.954800033569336,
        "IoU.pillow": 0.7134999847412109,
        "IoU.screen door": 0.7473999786376954,
        "IoU.stairway": 0.4306000137329102,
        "IoU.river": 0.13760000228881836,
        "IoU.bridge": 0.6777999877929688,
        "IoU.bookcase": 0.4266999816894531,
        "IoU.blind": 0.41709999084472654,
        "IoU.coffee table": 0.5833000183105469,
        "IoU.toilet": 0.9138999938964844,
        "IoU.flower": 0.43540000915527344,
        "IoU.book": 0.5409000015258789,
        "IoU.hill": 0.1472000026702881,
        "IoU.bench": 0.5897000122070313,
        "IoU.countertop": 0.6543000030517578,
        "IoU.stove": 0.8512999725341797,
        "IoU.palm": 0.5499000167846679,
        "IoU.kitchen island": 0.539000015258789,
        "IoU.computer": 0.7993000030517579,
        "IoU.swivel chair": 0.4804000091552734,
        "IoU.boat": 0.688499984741211,
        "IoU.bar": 0.7320999908447265,
        "IoU.arcade machine": 0.8998999786376953,
        "IoU.hovel": 0.21520000457763672,
        "IoU.bus": 0.9401000213623046,
        "IoU.towel": 0.7641000366210937,
        "IoU.light": 0.5979000091552734,
        "IoU.truck": 0.5122000122070313,
        "IoU.tower": 0.35759998321533204,
        "IoU.chandelier": 0.7538999938964843,
        "IoU.awning": 0.4418999862670898,
        "IoU.streetlight": 0.3845000076293945,
        "IoU.booth": 0.5831000137329102,
        "IoU.television receiver": 0.816500015258789,
        "IoU.airplane": 0.8925,
        "IoU.dirt track": 0.22370000839233398,
        "IoU.apparel": 0.6711000061035156,
        "IoU.pole": 0.25239999771118166,
        "IoU.land": 0.03430000066757202,
        "IoU.bannister": 0.18649999618530275,
        "IoU.escalator": 0.6491999816894531,
        "IoU.ottoman": 0.5465000152587891,
        "IoU.bottle": 0.46619998931884765,
        "IoU.buffet": 0.6498000335693359,
        "IoU.poster": 0.41869998931884767,
        "IoU.stage": 0.3668000030517578,
        "IoU.van": 0.5141999816894531,
        "IoU.ship": 0.7944000244140625,
        "IoU.fountain": 0.4456999969482422,
        "IoU.conveyer belt": 0.8126999664306641,
        "IoU.canopy": 0.5540000152587891,
        "IoU.washer": 0.8405000305175782,
        "IoU.plaything": 0.3065999984741211,
        "IoU.swimming pool": 0.5295000076293945,
        "IoU.stool": 0.5484000015258789,
        "IoU.barrel": 0.7926000213623047,
        "IoU.basket": 0.4495000076293945,
        "IoU.waterfall": 0.5209000015258789,
        "IoU.tent": 0.9087999725341797,
        "IoU.bag": 0.27180000305175783,
        "IoU.minibike": 0.7516999816894532,
        "IoU.cradle": 0.8593000030517578,
        "IoU.oven": 0.6027999877929687,
        "IoU.ball": 0.606500015258789,
        "IoU.food": 0.5931000137329101,
        "IoU.step": 0.08960000038146973,
        "IoU.tank": 0.6193999862670898,
        "IoU.trade name": 0.3032999992370605,
        "IoU.microwave": 0.9094000244140625,
        "IoU.pot": 0.6633000183105469,
        "IoU.animal": 0.6466999816894531,
        "IoU.bicycle": 0.5958000183105469,
        "IoU.lake": 0.529000015258789,
        "IoU.dishwasher": 0.7876999664306641,
        "IoU.screen": 0.6790000152587891,
        "IoU.blanket": 0.40330001831054685,
        "IoU.sculpture": 0.8136000061035156,
        "IoU.hood": 0.8261000061035156,
        "IoU.sconce": 0.6222000122070312,
        "IoU.vase": 0.4811000061035156,
        "IoU.traffic light": 0.4279999923706055,
        "IoU.tray": 0.22930000305175782,
        "IoU.ashcan": 0.54,
        "IoU.fan": 0.6955999755859374,
        "IoU.pier": 0.38740001678466796,
        "IoU.crt screen": 0.03069999933242798,
        "IoU.plate": 0.611500015258789,
        "IoU.monitor": 0.6562000274658203,
        "IoU.bulletin board": 0.5361999893188476,
        "IoU.shower": 0.13960000038146972,
        "IoU.radiator": 0.6663999938964844,
        "IoU.glass": 0.2306999969482422,
        "IoU.clock": 0.5654999923706054,
        "IoU.flag": 0.7063999938964843,
        "Acc.wall": 0.9063999938964844,
        "Acc.building": 0.9356999969482422,
        "Acc.sky": 0.9770999908447265,
        "Acc.floor": 0.9212000274658203,
        "Acc.tree": 0.8930000305175781,
        "Acc.ceiling": 0.9431999969482422,
        "Acc.road": 0.9152999877929687,
        "Acc.bed ": 0.9744000244140625,
        "Acc.windowpane": 0.82,
        "Acc.grass": 0.8254000091552735,
        "Acc.cabinet": 0.7876000213623047,
        "Acc.sidewalk": 0.8611000061035157,
        "Acc.person": 0.9486000061035156,
        "Acc.earth": 0.5204000091552734,
        "Acc.door": 0.75,
        "Acc.table": 0.7997000122070312,
        "Acc.mountain": 0.7629000091552735,
        "Acc.plant": 0.6805000305175781,
        "Acc.curtain": 0.8854000091552734,
        "Acc.chair": 0.7831999969482422,
        "Acc.car": 0.9381999969482422,
        "Acc.water": 0.7727999877929688,
        "Acc.painting": 0.9118000030517578,
        "Acc.sofa": 0.9033999633789063,
        "Acc.shelf": 0.6811000061035156,
        "Acc.house": 0.7027999877929687,
        "Acc.sea": 0.8847000122070312,
        "Acc.mirror": 0.8769999694824219,
        "Acc.rug": 0.7262999725341797,
        "Acc.field": 0.47049999237060547,
        "Acc.armchair": 0.8119000244140625,
        "Acc.seat": 0.898499984741211,
        "Acc.fence": 0.6480999755859375,
        "Acc.desk": 0.7694999694824218,
        "Acc.rock": 0.8954000091552734,