{
    "config": "/share/project/yxf/project/EVA_dev/src/semantic_segmentation/configs/beit/upernet/upernetpro_eva2_large_24_640_slide_ms_eval.py",
    "metric": {
        "aAcc": 0.8708,
        "mIoU": 0.6051,
        "mAcc": 0.7234999999999999,
        "IoU.wall": 0.8343000030517578,
        "IoU.building": 0.8533999633789062,
        "IoU.sky": 0.9518000030517578,
        "IoU.floor": 0.8512000274658204,
        "IoU.tree": 0.7843000030517578,
        "IoU.ceiling": 0.8829000091552734,
        "IoU.road": 0.8758000183105469,
        "IoU.bed ": 0.9312000274658203,
        "IoU.windowpane": 0.6748000335693359,
        "IoU.grass": 0.7151000213623047,
        "IoU.cabinet": 0.7004000091552735,
        "IoU.sidewalk": 0.7237999725341797,
        "IoU.person": 0.8644999694824219,
        "IoU.earth": 0.40599998474121096,
        "IoU.door": 0.620099983215332,
        "IoU.table": 0.6988999938964844,
        "IoU.mountain": 0.6304999923706055,
        "IoU.plant": 0.5652999877929688,
        "IoU.curtain": 0.8058999633789062,
        "IoU.chair": 0.6911000061035156,
        "IoU.car": 0.8881999969482421,
        "IoU.water": 0.6448000335693359,
        "IoU.painting": 0.814800033569336,
        "IoU.sofa": 0.8543000030517578,
        "IoU.shelf": 0.5309000015258789,
        "IoU.house": 0.5438999938964844,
        "IoU.sea": 0.782300033569336,
        "IoU.mirror": 0.8111000061035156,
        "IoU.rug": 0.6945999908447266,
        "IoU.field": 0.3163999938964844,
        "IoU.armchair": 0.6284999847412109,
        "IoU.seat": 0.6843000030517579,
        "IoU.fence": 0.5018999862670899,
        "IoU.desk": 0.6097999954223633,
        "IoU.rock": 0.5506999969482422,
        "IoU.wardrobe": 0.645,
        "IoU.lamp": 0.798499984741211,
        "IoU.bathtub": 0.8398999786376953,
        "IoU.railing": 0.44209999084472656,
        "IoU.cushion": 0.7523999786376954,
        "IoU.base": 0.43040000915527343,
        "IoU.box": 0.42389999389648436,
        "IoU.column": 0.5974000167846679,
        "IoU.signboard": 0.4325,
        "IoU.chest of drawers": 0.5095999908447265,
        "IoU.counter": 0.6029000091552734,
        "IoU.sand": 0.6506999969482422,
        "IoU.sink": 0.8208999633789062,
        "IoU.skyscraper": 0.4427000045776367,
        "IoU.fireplace": 0.7741000366210937,
        "IoU.refrigerator": 0.8725,
        "IoU.grandstand": 0.6220999908447266,
        "IoU.path": 0.32290000915527345,
        "IoU.stairs": 0.4470000076293945,
        "IoU.runway": 0.7419000244140626,
        "IoU.case": 0.6431999969482421,
        "IoU.pool table": 0.9518000030517578,
        "IoU.pillow": 0.6998999786376953,
        "IoU.screen door": 0.7943000030517579,
        "IoU.stairway": 0.4256000137329102,
        "IoU.river": 0.14800000190734863,
        "IoU.bridge": 0.5297999954223633,
        "IoU.bookcase": 0.38779998779296876,
        "IoU.blind": 0.40560001373291016,
        "IoU.coffee table": 0.5916999816894531,
        "IoU.toilet": 0.9283999633789063,
        "IoU.flower": 0.49759998321533205,
        "IoU.book": 0.571500015258789,
        "IoU.hill": 0.154399995803833,
        "IoU.bench": 0.6047999954223633,
        "IoU.countertop": 0.658499984741211,
        "IoU.stove": 0.8155999755859376,
        "IoU.palm": 0.5454999923706054,
        "IoU.kitchen island": 0.5359999847412109,
        "IoU.computer": 0.8147000122070313,
        "IoU.swivel chair": 0.49009998321533205,
        "IoU.boat": 0.6573999786376953,
        "IoU.bar": 0.7148999786376953,
        "IoU.arcade machine": 0.8972000122070313,
        "IoU.hovel": 0.2979000091552734,
        "IoU.bus": 0.9533000183105469,
        "IoU.towel": 0.7569999694824219,
        "IoU.light": 0.6138999938964844,
        "IoU.truck": 0.51,
        "IoU.tower": 0.35639999389648436,
        "IoU.chandelier": 0.755,
        "IoU.awning": 0.4008000183105469,
        "IoU.streetlight": 0.3920999908447266,
        "IoU.booth": 0.5352999877929687,
        "IoU.television receiver": 0.8477999877929687,
        "IoU.airplane": 0.9061000061035156,
        "IoU.dirt track": 0.13539999961853028,
        "IoU.apparel": 0.6494999694824218,
        "IoU.pole": 0.31010000228881834,
        "IoU.land": 0.03119999885559082,
        "IoU.bannister": 0.2193000030517578,
        "IoU.escalator": 0.630099983215332,
        "IoU.ottoman": 0.5722000122070312,
        "IoU.bottle": 0.5013999938964844,
        "IoU.buffet": 0.49650001525878906,
        "IoU.poster": 0.3611000061035156,
        "IoU.stage": 0.2725,
        "IoU.van": 0.5433000183105469,
        "IoU.ship": 0.6061999893188477,
        "IoU.fountain": 0.49959999084472656,
        "IoU.conveyer belt": 0.7919999694824219,
        "IoU.canopy": 0.5458000183105469,
        "IoU.washer": 0.8945999908447265,
        "IoU.plaything": 0.3397000122070313,
        "IoU.swimming pool": 0.5786999893188477,
        "IoU.stool": 0.6038999938964844,
        "IoU.barrel": 0.8380999755859375,
        "IoU.basket": 0.5104999923706055,
        "IoU.waterfall": 0.624900016784668,
        "IoU.tent": 0.9441000366210938,
        "IoU.bag": 0.2806999969482422,
        "IoU.minibike": 0.7718000030517578,
        "IoU.cradle": 0.8952999877929687,
        "IoU.oven": 0.6468000030517578,
        "IoU.ball": 0.6919999694824219,
        "IoU.food": 0.6565000152587891,
        "IoU.step": 0.0784000015258789,
        "IoU.tank": 0.5686000061035156,
        "IoU.trade name": 0.33529998779296877,
        "IoU.microwave": 0.8947000122070312,
        "IoU.pot": 0.6611000061035156,
        "IoU.animal": 0.6680999755859375,
        "IoU.bicycle": 0.650199966430664,
        "IoU.lake": 0.5538999938964844,
        "IoU.dishwasher": 0.7694000244140625,
        "IoU.screen": 0.6481999969482422,
        "IoU.blanket": 0.3516999816894531,
        "IoU.sculpture": 0.8411000061035157,
        "IoU.hood": 0.7581999969482421,
        "IoU.sconce": 0.6363999938964844,
        "IoU.vase": 0.5218000030517578,
        "IoU.traffic light": 0.4408000183105469,
        "IoU.tray": 0.2954999923706055,
        "IoU.ashcan": 0.5413000106811523,
        "IoU.fan": 0.7294000244140625,
        "IoU.pier": 0.5366999816894531,
        "IoU.crt screen": 0.014900000095367431,
        "IoU.plate": 0.6718000030517578,
        "IoU.monitor": 0.17319999694824217,
        "IoU.bulletin board": 0.6504000091552734,
        "IoU.shower": 0.15520000457763672,
        "IoU.radiator": 0.6637999725341797,
        "IoU.glass": 0.25379999160766603,
        "IoU.clock": 0.6372999954223633,
        "IoU.flag": 0.7397000122070313,
        "Acc.wall": 0.9059999847412109,
        "Acc.building": 0.9409999847412109,
        "Acc.sky": 0.9756999969482422,
        "Acc.floor": 0.9223999786376953,
        "Acc.tree": 0.9005999755859375,
        "Acc.ceiling": 0.95,
        "Acc.road": 0.9208999633789062,
        "Acc.bed ": 0.976500015258789,
        "Acc.windowpane": 0.8297000122070313,
        "Acc.grass": 0.8362999725341796,
        "Acc.cabinet": 0.7977999877929688,
        "Acc.sidewalk": 0.8505000305175782,
        "Acc.person": 0.9590000152587891,
        "Acc.earth": 0.55,
        "Acc.door": 0.7483000183105468,
        "Acc.table": 0.8054000091552734,
        "Acc.mountain": 0.7273000335693359,
        "Acc.plant": 0.6861000061035156,
        "Acc.curtain": 0.9080999755859375,
        "Acc.chair": 0.8090000152587891,
        "Acc.car": 0.9513999938964843,
        "Acc.water": 0.7916000366210938,
        "Acc.painting": 0.9251000213623047,
        "Acc.sofa": 0.9283999633789063,
        "Acc.shelf": 0.654000015258789,
        "Acc.house": 0.6608000183105469,
        "Acc.sea": 0.8754000091552734,
        "Acc.mirror": 0.8747000122070312,
        "Acc.rug": 0.7875,
        "Acc.field": 0.5036000061035156,
        "Acc.armchair": 0.7908000183105469,
        "Acc.seat": 0.8855999755859375,
        "Acc.fence": 0.6487999725341796,
        "Acc.desk": 0.8131999969482422,
        "Acc.rock": 0.8388999938964844,