{
    "config": "/share/project/yxf/project/EVA_dev/src/semantic_segmentation/configs/beit/upernet/upernetpro_eva2_large_24_640_slide_ms_eval.py",
    "metric": {
        "aAcc": 0.8690000000000001,
        "mIoU": 0.6019,
        "mAcc": 0.7212999999999999,
        "IoU.wall": 0.8323000335693359,
        "IoU.building": 0.8520999908447265,
        "IoU.sky": 0.9508000183105468,
        "IoU.floor": 0.8473999786376953,
        "IoU.tree": 0.7808000183105469,
        "IoU.ceiling": 0.8813999938964844,
        "IoU.road": 0.8697000122070313,
        "IoU.bed ": 0.9291999816894532,
        "IoU.windowpane": 0.6743000030517579,
        "IoU.grass": 0.7175,
        "IoU.cabinet": 0.7051999664306641,
        "IoU.sidewalk": 0.7105000305175782,
        "IoU.person": 0.8586000061035156,
        "IoU.earth": 0.400099983215332,
        "IoU.door": 0.6220999908447266,
        "IoU.table": 0.6904000091552734,
        "IoU.mountain": 0.6193999862670898,
        "IoU.plant": 0.5661999893188476,
        "IoU.curtain": 0.7956999969482422,
        "IoU.chair": 0.6841999816894532,
        "IoU.car": 0.885,
        "IoU.water": 0.6393000030517578,
        "IoU.painting": 0.8081999969482422,
        "IoU.sofa": 0.8445999908447266,
        "IoU.shelf": 0.5336000061035157,
        "IoU.house": 0.5622999954223633,
        "IoU.sea": 0.7733000183105468,
        "IoU.mirror": 0.8016999816894531,
        "IoU.rug": 0.6698000335693359,
        "IoU.field": 0.33130001068115233,
        "IoU.armchair": 0.6338999938964843,
        "IoU.seat": 0.6887000274658203,
        "IoU.fence": 0.5054000091552734,
        "IoU.desk": 0.6183000183105469,
        "IoU.rock": 0.5445999908447265,
        "IoU.wardrobe": 0.6345999908447265,
        "IoU.lamp": 0.7830999755859375,
        "IoU.bathtub": 0.8384999847412109,
        "IoU.railing": 0.43540000915527344,
        "IoU.cushion": 0.7352999877929688,
        "IoU.base": 0.42509998321533204,
        "IoU.box": 0.4190999984741211,
        "IoU.column": 0.610999984741211,
        "IoU.signboard": 0.41759998321533204,
        "IoU.chest of drawers": 0.5341999816894532,
        "IoU.counter": 0.6345000076293945,
        "IoU.sand": 0.6409999847412109,
        "IoU.sink": 0.8065000152587891,
        "IoU.skyscraper": 0.412400016784668,
        "IoU.fireplace": 0.7659999847412109,
        "IoU.refrigerator": 0.8688999938964844,
        "IoU.grandstand": 0.6179999923706054,
        "IoU.path": 0.3243999862670898,
        "IoU.stairs": 0.43709999084472656,
        "IoU.runway": 0.7429000091552734,
        "IoU.case": 0.6423999786376953,
        "IoU.pool table": 0.9533999633789062,
        "IoU.pillow": 0.6719000244140625,
        "IoU.screen door": 0.7873999786376953,
        "IoU.stairway": 0.40060001373291015,
        "IoU.river": 0.14300000190734863,
        "IoU.bridge": 0.527400016784668,
        "IoU.bookcase": 0.3927000045776367,
        "IoU.blind": 0.40759998321533203,
        "IoU.coffee table": 0.579900016784668,
        "IoU.toilet": 0.9255000305175781,
        "IoU.flower": 0.48459999084472655,
        "IoU.book": 0.5645000076293946,
        "IoU.hill": 0.15369999885559082,
        "IoU.bench": 0.5911999893188477,
        "IoU.countertop": 0.6558000183105469,
        "IoU.stove": 0.8083999633789063,
        "IoU.palm": 0.5404000091552734,
        "IoU.kitchen island": 0.5052000045776367,
        "IoU.computer": 0.8090000152587891,
        "IoU.swivel chair": 0.4881999969482422,
        "IoU.boat": 0.6488999938964843,
        "IoU.bar": 0.7234999847412109,
        "IoU.arcade machine": 0.9168000030517578,
        "IoU.hovel": 0.3208000183105469,
        "IoU.bus": 0.9473000335693359,
        "IoU.towel": 0.7630999755859375,
        "IoU.light": 0.595,
        "IoU.truck": 0.49380001068115237,
        "IoU.tower": 0.37909999847412107,
        "IoU.chandelier": 0.7423000335693359,
        "IoU.awning": 0.40380001068115234,
        "IoU.streetlight": 0.375,
        "IoU.booth": 0.5293999862670898,
        "IoU.television receiver": 0.8401000213623047,
        "IoU.airplane": 0.8986000061035156,
        "IoU.dirt track": 0.17319999694824217,
        "IoU.apparel": 0.6172999954223632,
        "IoU.pole": 0.30020000457763674,
        "IoU.land": 0.027899999618530274,
        "IoU.bannister": 0.21209999084472655,
        "IoU.escalator": 0.615,
        "IoU.ottoman": 0.5454000091552734,
        "IoU.bottle": 0.4779000091552734,
        "IoU.buffet": 0.4988000106811523,
        "IoU.poster": 0.35770000457763673,
        "IoU.stage": 0.28350000381469725,
        "IoU.van": 0.5372999954223633,
        "IoU.ship": 0.8555999755859375,
        "IoU.fountain": 0.5058000183105469,
        "IoU.conveyer belt": 0.7773999786376953,
        "IoU.canopy": 0.5529999923706055,
        "IoU.washer": 0.89,
        "IoU.plaything": 0.3420999908447266,
        "IoU.swimming pool": 0.582599983215332,
        "IoU.stool": 0.5888999938964844,
        "IoU.barrel": 0.8337000274658203,
        "IoU.basket": 0.4961999893188477,
        "IoU.waterfall": 0.6354000091552734,
        "IoU.tent": 0.9491999816894531,
        "IoU.bag": 0.28420000076293944,
        "IoU.minibike": 0.7541999816894531,
        "IoU.cradle": 0.8965000152587891,
        "IoU.oven": 0.6601000213623047,
        "IoU.ball": 0.6858000183105468,
        "IoU.food": 0.6363999938964844,
        "IoU.step": 0.07019999980926514,
        "IoU.tank": 0.5838999938964844,
        "IoU.trade name": 0.3046999931335449,
        "IoU.microwave": 0.907300033569336,
        "IoU.pot": 0.648499984741211,
        "IoU.animal": 0.6605999755859375,
        "IoU.bicycle": 0.6347999954223633,
        "IoU.lake": 0.5452999877929687,
        "IoU.dishwasher": 0.7445999908447266,
        "IoU.screen": 0.6486000061035156,
        "IoU.blanket": 0.3170000076293945,
        "IoU.sculpture": 0.8254000091552735,
        "IoU.hood": 0.7568000030517578,
        "IoU.sconce": 0.6161999893188477,
        "IoU.vase": 0.4966999816894531,
        "IoU.traffic light": 0.4159999847412109,
        "IoU.tray": 0.27049999237060546,
        "IoU.ashcan": 0.525,
        "IoU.fan": 0.7091000366210938,
        "IoU.pier": 0.6388999938964843,
        "IoU.crt screen": 0.015399999618530273,
        "IoU.plate": 0.6594000244140625,
        "IoU.monitor": 0.18299999237060546,
        "IoU.bulletin board": 0.6538999938964843,
        "IoU.shower": 0.1493000030517578,
        "IoU.radiator": 0.6436000061035156,
        "IoU.glass": 0.24159999847412109,
        "IoU.clock": 0.5986999893188476,
        "IoU.flag": 0.7283999633789062,
        "Acc.wall": 0.9041000366210937,
        "Acc.building": 0.9416000366210937,
        "Acc.sky": 0.9748999786376953,
        "Acc.floor": 0.9177999877929688,
        "Acc.tree": 0.8948000335693359,
        "Acc.ceiling": 0.9483999633789062,
        "Acc.road": 0.9194000244140625,
        "Acc.bed ": 0.9751000213623047,
        "Acc.windowpane": 0.8341999816894531,
        "Acc.grass": 0.8387000274658203,
        "Acc.cabinet": 0.8041999816894532,
        "Acc.sidewalk": 0.8380999755859375,
        "Acc.person": 0.9545999908447266,
        "Acc.earth": 0.5443999862670899,
        "Acc.door": 0.7547000122070312,
        "Acc.table": 0.7975,
        "Acc.mountain": 0.7256999969482422,
        "Acc.plant": 0.6866000366210937,
        "Acc.curtain": 0.9015000152587891,
        "Acc.chair": 0.8048999786376954,
        "Acc.car": 0.9490000152587891,
        "Acc.water": 0.7887000274658204,
        "Acc.painting": 0.9197000122070312,
        "Acc.sofa": 0.9236000061035157,
        "Acc.shelf": 0.6644000244140625,
        "Acc.house": 0.6841000366210938,
        "Acc.sea": 0.8708000183105469,
        "Acc.mirror": 0.8673999786376954,
        "Acc.rug": 0.7719999694824219,
        "Acc.field": 0.525,
        "Acc.armchair": 0.7951000213623047,
        "Acc.seat": 0.8837999725341796,
        "Acc.fence": 0.6465000152587891,
        "Acc.desk": 0.8191000366210938,
        "Acc.rock": 0.8375,