{
    "config": "/share/project/yxf/project/EVA_dev/src/semantic_segmentation/configs/beit/upernet/upernetpro_eva2_large_24_640_slide_ms_eval.py",
    "metric": {
        "aAcc": 0.871,
        "mIoU": 0.6042000000000001,
        "mAcc": 0.721,
        "IoU.wall": 0.8343000030517578,
        "IoU.building": 0.8525,
        "IoU.sky": 0.9511000061035156,
        "IoU.floor": 0.8537999725341797,
        "IoU.tree": 0.7812999725341797,
        "IoU.ceiling": 0.8870999908447266,
        "IoU.road": 0.8775,
        "IoU.bed ": 0.9344000244140624,
        "IoU.windowpane": 0.6762999725341797,
        "IoU.grass": 0.710999984741211,
        "IoU.cabinet": 0.7011000061035156,
        "IoU.sidewalk": 0.7256999969482422,
        "IoU.person": 0.8683999633789062,
        "IoU.earth": 0.41,
        "IoU.door": 0.625,
        "IoU.table": 0.7072000122070312,
        "IoU.mountain": 0.6302999877929687,
        "IoU.plant": 0.5602999877929687,
        "IoU.curtain": 0.7981999969482422,
        "IoU.chair": 0.6945999908447266,
        "IoU.car": 0.8893000030517578,
        "IoU.water": 0.6541000366210937,
        "IoU.painting": 0.8161000061035156,
        "IoU.sofa": 0.8529000091552734,
        "IoU.shelf": 0.5181000137329101,
        "IoU.house": 0.5706000137329101,
        "IoU.sea": 0.7952999877929687,
        "IoU.mirror": 0.815,
        "IoU.rug": 0.6938999938964844,
        "IoU.field": 0.30989999771118165,
        "IoU.armchair": 0.6445999908447265,
        "IoU.seat": 0.6952999877929688,
        "IoU.fence": 0.5025999832153321,
        "IoU.desk": 0.6172999954223632,
        "IoU.rock": 0.5427999877929688,
        "IoU.wardrobe": 0.6745999908447265,
        "IoU.lamp": 0.8005000305175781,
        "IoU.bathtub": 0.836500015258789,
        "IoU.railing": 0.4515000152587891,
        "IoU.cushion": 0.7501000213623047,
        "IoU.base": 0.4577000045776367,
        "IoU.box": 0.4193000030517578,
        "IoU.column": 0.6025,
        "IoU.signboard": 0.4281000137329102,
        "IoU.chest of drawers": 0.477400016784668,
        "IoU.counter": 0.5818000030517578,
        "IoU.sand": 0.6497000122070312,
        "IoU.sink": 0.8238999938964844,
        "IoU.skyscraper": 0.4127999877929687,
        "IoU.fireplace": 0.7922000122070313,
        "IoU.refrigerator": 0.8343000030517578,
        "IoU.grandstand": 0.5245000076293945,
        "IoU.path": 0.34200000762939453,
        "IoU.stairs": 0.3358000183105469,
        "IoU.runway": 0.7419000244140626,
        "IoU.case": 0.6343000030517578,
        "IoU.pool table": 0.9527999877929687,
        "IoU.pillow": 0.7127999877929687,
        "IoU.screen door": 0.7762000274658203,
        "IoU.stairway": 0.4175,
        "IoU.river": 0.1575,
        "IoU.bridge": 0.5338000106811523,
        "IoU.bookcase": 0.400099983215332,
        "IoU.blind": 0.41569999694824217,
        "IoU.coffee table": 0.5938999938964844,
        "IoU.toilet": 0.9262999725341797,
        "IoU.flower": 0.48790000915527343,
        "IoU.book": 0.5713999938964843,
        "IoU.hill": 0.14050000190734863,
        "IoU.bench": 0.6043999862670898,
        "IoU.countertop": 0.6626999664306641,
        "IoU.stove": 0.8088999938964844,
        "IoU.palm": 0.5393000030517578,
        "IoU.kitchen island": 0.5156999969482422,
        "IoU.computer": 0.81,
        "IoU.swivel chair": 0.48220001220703124,
        "IoU.boat": 0.6461000061035156,
        "IoU.bar": 0.7026000213623047,
        "IoU.arcade machine": 0.905199966430664,
        "IoU.hovel": 0.38299999237060545,
        "IoU.bus": 0.9544000244140625,
        "IoU.towel": 0.7787000274658203,
        "IoU.light": 0.6243999862670898,
        "IoU.truck": 0.5186999893188476,
        "IoU.tower": 0.25760000228881835,
        "IoU.chandelier": 0.7608000183105469,
        "IoU.awning": 0.40099998474121096,
        "IoU.streetlight": 0.4045999908447266,
        "IoU.booth": 0.5545999908447266,
        "IoU.television receiver": 0.8543000030517578,
        "IoU.airplane": 0.9036000061035157,
        "IoU.dirt track": 0.06059999942779541,
        "IoU.apparel": 0.6395000076293945,
        "IoU.pole": 0.28670000076293944,
        "IoU.land": 0.0352999997138977,
        "IoU.bannister": 0.23819999694824218,
        "IoU.escalator": 0.6370000076293946,
        "IoU.ottoman": 0.5640000152587891,
        "IoU.bottle": 0.49279998779296874,
        "IoU.buffet": 0.48630001068115236,
        "IoU.poster": 0.32470001220703126,
        "IoU.stage": 0.2531999969482422,
        "IoU.van": 0.5491999816894532,
        "IoU.ship": 0.8555000305175782,
        "IoU.fountain": 0.47709999084472654,
        "IoU.conveyer belt": 0.8015000152587891,
        "IoU.canopy": 0.5472999954223633,
        "IoU.washer": 0.8916999816894531,
        "IoU.plaything": 0.32939998626708983,
        "IoU.swimming pool": 0.5493999862670899,
        "IoU.stool": 0.589900016784668,
        "IoU.barrel": 0.8401999664306641,
        "IoU.basket": 0.5349000167846679,
        "IoU.waterfall": 0.542400016784668,
        "IoU.tent": 0.9187000274658204,
        "IoU.bag": 0.2794000053405762,
        "IoU.minibike": 0.7838999938964843,
        "IoU.cradle": 0.8938999938964843,
        "IoU.oven": 0.642300033569336,
        "IoU.ball": 0.6748000335693359,
        "IoU.food": 0.6444999694824218,
        "IoU.step": 0.14109999656677247,
        "IoU.tank": 0.564900016784668,
        "IoU.trade name": 0.3039999961853027,
        "IoU.microwave": 0.8947000122070312,
        "IoU.pot": 0.6669999694824219,
        "IoU.animal": 0.6629000091552735,
        "IoU.bicycle": 0.6462000274658203,
        "IoU.lake": 0.550099983215332,
        "IoU.dishwasher": 0.7865000152587891,
        "IoU.screen": 0.6561000061035156,
        "IoU.blanket": 0.37560001373291013,
        "IoU.sculpture": 0.8245999908447266,
        "IoU.hood": 0.7430999755859375,
        "IoU.sconce": 0.6388000106811523,
        "IoU.vase": 0.5270000076293946,
        "IoU.traffic light": 0.4463999938964844,
        "IoU.tray": 0.29709999084472655,
        "IoU.ashcan": 0.5579000091552735,
        "IoU.fan": 0.7251999664306641,
        "IoU.pier": 0.49990001678466794,
        "IoU.crt screen": 0.014900000095367431,
        "IoU.plate": 0.6705000305175781,
        "IoU.monitor": 0.17829999923706055,
        "IoU.bulletin board": 0.6873000335693359,
        "IoU.shower": 0.1543000030517578,
        "IoU.radiator": 0.6651000213623047,
        "IoU.glass": 0.25760000228881835,
        "IoU.clock": 0.6519000244140625,
        "IoU.flag": 0.7444000244140625,
        "Acc.wall": 0.910199966430664,
        "Acc.building": 0.9380999755859375,
        "Acc.sky": 0.9784999847412109,
        "Acc.floor": 0.925,
        "Acc.tree": 0.8970999908447266,
        "Acc.ceiling": 0.9487999725341797,
        "Acc.road": 0.9197000122070312,
        "Acc.bed ": 0.9748999786376953,
        "Acc.windowpane": 0.8205999755859374,
        "Acc.grass": 0.8283000183105469,
        "Acc.cabinet": 0.8076999664306641,
        "Acc.sidewalk": 0.8545999908447266,
        "Acc.person": 0.950999984741211,
        "Acc.earth": 0.5572000122070313,
        "Acc.door": 0.7591000366210937,
        "Acc.table": 0.8155000305175781,
        "Acc.mountain": 0.7494999694824219,
        "Acc.plant": 0.680199966430664,
        "Acc.curtain": 0.8945999908447265,
        "Acc.chair": 0.8194999694824219,
        "Acc.car": 0.9512000274658203,
        "Acc.water": 0.8030999755859375,
        "Acc.painting": 0.9175,
        "Acc.sofa": 0.9262999725341797,
        "Acc.shelf": 0.6527999877929688,
        "Acc.house": 0.7155999755859375,
        "Acc.sea": 0.8959999847412109,
        "Acc.mirror": 0.8830000305175781,
        "Acc.rug": 0.7805999755859375,
        "Acc.field": 0.4968000030517578,
        "Acc.armchair": 0.7758999633789062,
        "Acc.seat": 0.884000015258789,
        "Acc.fence": 0.6404000091552734,
        "Acc.desk": 0.8126000213623047,
        "Acc.rock": 0.8251000213623046,
        "Acc.wardrobe": 0.7880999755859375,