{
    "config": "/share/project/yxf/project/EVA_dev/src/semantic_segmentation/configs/beit/upernet/upernetpro_eva2_large_24_640_slide_ms_eval.py",
    "metric": {
        "aAcc": 0.8690000000000001,
        "mIoU": 0.6021,
        "mAcc": 0.7217,
        "IoU.wall": 0.8312000274658203,
        "IoU.building": 0.8519999694824218,
        "IoU.sky": 0.9508999633789063,
        "IoU.floor": 0.8463999938964843,
        "IoU.tree": 0.7802999877929687,
        "IoU.ceiling": 0.8808999633789063,
        "IoU.road": 0.8723000335693359,
        "IoU.bed ": 0.9293000030517579,
        "IoU.windowpane": 0.6762000274658203,
        "IoU.grass": 0.716500015258789,
        "IoU.cabinet": 0.7041999816894531,
        "IoU.sidewalk": 0.7127999877929687,
        "IoU.person": 0.8580000305175781,
        "IoU.earth": 0.4052999877929688,
        "IoU.door": 0.6247999954223633,
        "IoU.table": 0.6897000122070313,
        "IoU.mountain": 0.6186000061035156,
        "IoU.plant": 0.564900016784668,
        "IoU.curtain": 0.7962999725341797,
        "IoU.chair": 0.6866000366210937,
        "IoU.car": 0.8847000122070312,
        "IoU.water": 0.6397000122070312,
        "IoU.painting": 0.8076000213623047,
        "IoU.sofa": 0.8490000152587891,
        "IoU.shelf": 0.5306000137329101,
        "IoU.house": 0.5599000167846679,
        "IoU.sea": 0.773499984741211,
        "IoU.mirror": 0.8051000213623047,
        "IoU.rug": 0.6677999877929688,
        "IoU.field": 0.3365999984741211,
        "IoU.armchair": 0.6343999862670898,
        "IoU.seat": 0.6887999725341797,
        "IoU.fence": 0.5054999923706055,
        "IoU.desk": 0.6229999923706054,
        "IoU.rock": 0.5431999969482422,
        "IoU.wardrobe": 0.6438999938964843,
        "IoU.lamp": 0.7833000183105469,
        "IoU.bathtub": 0.845,
        "IoU.railing": 0.43590000152587893,
        "IoU.cushion": 0.7401000213623047,
        "IoU.base": 0.4222999954223633,
        "IoU.box": 0.41950000762939454,
        "IoU.column": 0.6056000137329102,
        "IoU.signboard": 0.4159999847412109,
        "IoU.chest of drawers": 0.5206999969482422,
        "IoU.counter": 0.6224000167846679,
        "IoU.sand": 0.6377999877929688,
        "IoU.sink": 0.8076999664306641,
        "IoU.skyscraper": 0.4375,
        "IoU.fireplace": 0.7620999908447266,
        "IoU.refrigerator": 0.8701999664306641,
        "IoU.grandstand": 0.6186999893188476,
        "IoU.path": 0.3234000015258789,
        "IoU.stairs": 0.42889999389648437,
        "IoU.runway": 0.7441999816894531,
        "IoU.case": 0.6272999954223633,
        "IoU.pool table": 0.9537000274658203,
        "IoU.pillow": 0.6777999877929688,
        "IoU.screen door": 0.7948999786376953,
        "IoU.stairway": 0.38419998168945313,
        "IoU.river": 0.1427000045776367,
        "IoU.bridge": 0.5186000061035156,
        "IoU.bookcase": 0.39369998931884764,
        "IoU.blind": 0.4061000061035156,
        "IoU.coffee table": 0.5786999893188477,
        "IoU.toilet": 0.9248999786376954,
        "IoU.flower": 0.48759998321533204,
        "IoU.book": 0.5609999847412109,
        "IoU.hill": 0.15420000076293947,
        "IoU.bench": 0.5934999847412109,
        "IoU.countertop": 0.6583999633789063,
        "IoU.stove": 0.8112000274658203,
        "IoU.palm": 0.5433000183105469,
        "IoU.kitchen island": 0.5206000137329102,
        "IoU.computer": 0.8098999786376954,
        "IoU.swivel chair": 0.4893000030517578,
        "IoU.boat": 0.6443000030517578,
        "IoU.bar": 0.7194000244140625,
        "IoU.arcade machine": 0.914000015258789,
        "IoU.hovel": 0.3184000015258789,
        "IoU.bus": 0.9472000122070312,
        "IoU.towel": 0.7609999847412109,
        "IoU.light": 0.5938000106811523,
        "IoU.truck": 0.4993000030517578,
        "IoU.tower": 0.38360000610351563,
        "IoU.chandelier": 0.7393000030517578,
        "IoU.awning": 0.41259998321533203,
        "IoU.streetlight": 0.37279998779296875,
        "IoU.booth": 0.5272999954223633,
        "IoU.television receiver": 0.8408999633789063,
        "IoU.airplane": 0.8969999694824219,
        "IoU.dirt track": 0.1828000068664551,
        "IoU.apparel": 0.6106999969482422,
        "IoU.pole": 0.2986000061035156,
        "IoU.land": 0.02690000057220459,
        "IoU.bannister": 0.20989999771118165,
        "IoU.escalator": 0.6161000061035157,
        "IoU.ottoman": 0.5465000152587891,
        "IoU.bottle": 0.4754000091552734,
        "IoU.buffet": 0.5084000015258789,
        "IoU.poster": 0.3479000091552734,
        "IoU.stage": 0.30639999389648437,
        "IoU.van": 0.5375,
        "IoU.ship": 0.8462000274658203,
        "IoU.fountain": 0.49770000457763675,
        "IoU.conveyer belt": 0.7747000122070312,
        "IoU.canopy": 0.5559000015258789,
        "IoU.washer": 0.8898000335693359,
        "IoU.plaything": 0.3413999938964844,
        "IoU.swimming pool": 0.5800999832153321,
        "IoU.stool": 0.5843999862670899,
        "IoU.barrel": 0.8363999938964843,
        "IoU.basket": 0.49380001068115237,
        "IoU.waterfall": 0.65,
        "IoU.tent": 0.9512000274658203,
        "IoU.bag": 0.2755999946594238,
        "IoU.minibike": 0.7547000122070312,
        "IoU.cradle": 0.8966000366210938,
        "IoU.oven": 0.6622000122070313,
        "IoU.ball": 0.6840000152587891,
        "IoU.food": 0.6336999893188476,
        "IoU.step": 0.06840000152587891,
        "IoU.tank": 0.5784999847412109,
        "IoU.trade name": 0.3075,
        "IoU.microwave": 0.9058000183105469,
        "IoU.pot": 0.650199966430664,
        "IoU.animal": 0.6616000366210938,
        "IoU.bicycle": 0.6368000030517578,
        "IoU.lake": 0.545,
        "IoU.dishwasher": 0.7541999816894531,
        "IoU.screen": 0.6473999786376953,
        "IoU.blanket": 0.30760000228881834,
        "IoU.sculpture": 0.821500015258789,
        "IoU.hood": 0.760199966430664,
        "IoU.sconce": 0.6202999877929688,
        "IoU.vase": 0.4990999984741211,
        "IoU.traffic light": 0.41720001220703123,
        "IoU.tray": 0.27530000686645506,
        "IoU.ashcan": 0.5283000183105468,
        "IoU.fan": 0.7076000213623047,
        "IoU.pier": 0.6597000122070312,
        "IoU.crt screen": 0.015099999904632568,
        "IoU.plate": 0.6554000091552734,
        "IoU.monitor": 0.17219999313354492,
        "IoU.bulletin board": 0.6545999908447265,
        "IoU.shower": 0.15039999961853026,
        "IoU.radiator": 0.6416999816894531,
        "IoU.glass": 0.24079999923706055,
        "IoU.clock": 0.5954000091552735,
        "IoU.flag": 0.725999984741211,
        "Acc.wall": 0.9031999969482422,
        "Acc.building": 0.9412999725341797,
        "Acc.sky": 0.9751000213623047,
        "Acc.floor": 0.9175,
        "Acc.tree": 0.8944999694824218,
        "Acc.ceiling": 0.9481999969482422,
        "Acc.road": 0.9195999908447265,
        "Acc.bed ": 0.975,
        "Acc.windowpane": 0.8347000122070313,
        "Acc.grass": 0.837699966430664,
        "Acc.cabinet": 0.8040000152587891,
        "Acc.sidewalk": 0.8406999969482422,
        "Acc.person": 0.9541999816894531,
        "Acc.earth": 0.5509000015258789,
        "Acc.door": 0.7562000274658203,
        "Acc.table": 0.7975,
        "Acc.mountain": 0.7263999938964844,
        "Acc.plant": 0.6868000030517578,
        "Acc.curtain": 0.902300033569336,
        "Acc.chair": 0.8076999664306641,
        "Acc.car": 0.9487000274658203,
        "Acc.water": 0.7881999969482422,
        "Acc.painting": 0.92,
        "Acc.sofa": 0.9254000091552734,
        "Acc.shelf": 0.6608999633789062,
        "Acc.house": 0.6818000030517578,
        "Acc.sea": 0.8706999969482422,
        "Acc.mirror": 0.8694999694824219,
        "Acc.rug": 0.7709999847412109,
        "Acc.field": 0.5281000137329102,
        "Acc.armchair": 0.795,
        "Acc.seat": 0.8830000305175781,
        "Acc.fence": 0.6458999633789062,
        "Acc.desk": 0.8287000274658203,
        "Acc.rock": 0.8362999725341796,
        "Acc.wardrobe": 0.7879000091552735,