{
    "config": "/share/project/yxf/project/EVA_dev/src/semantic_segmentation/configs/eva02/upernet/upernetpro_eva02_large_24_640_slide_80k.py",
    "metric": {
        "aAcc": 0.8683,
        "mIoU": 0.6004999999999999,
        "mAcc": 0.7217,
        "IoU.wall": 0.8356999969482422,
        "IoU.building": 0.8488999938964844,
        "IoU.sky": 0.950999984741211,
        "IoU.floor": 0.8487999725341797,
        "IoU.tree": 0.7777999877929688,
        "IoU.ceiling": 0.8798000335693359,
        "IoU.road": 0.8845999908447265,
        "IoU.bed ": 0.9323000335693359,
        "IoU.windowpane": 0.6726000213623047,
        "IoU.grass": 0.7054000091552735,
        "IoU.cabinet": 0.6691000366210937,
        "IoU.sidewalk": 0.7341999816894531,
        "IoU.person": 0.8636000061035156,
        "IoU.earth": 0.40200000762939453,
        "IoU.door": 0.6220000076293946,
        "IoU.table": 0.6738999938964844,
        "IoU.mountain": 0.6213000106811524,
        "IoU.plant": 0.5627000045776367,
        "IoU.curtain": 0.7913999938964844,
        "IoU.chair": 0.68,
        "IoU.car": 0.8905999755859375,
        "IoU.water": 0.6143000030517578,
        "IoU.painting": 0.8168000030517578,
        "IoU.sofa": 0.8458000183105469,
        "IoU.shelf": 0.5106000137329102,
        "IoU.house": 0.5129000091552735,
        "IoU.sea": 0.7208999633789063,
        "IoU.mirror": 0.7994000244140625,
        "IoU.rug": 0.6630000305175782,
        "IoU.field": 0.33110000610351564,
        "IoU.armchair": 0.6370999908447266,
        "IoU.seat": 0.6905999755859376,
        "IoU.fence": 0.504000015258789,
        "IoU.desk": 0.6070000076293945,
        "IoU.rock": 0.5408000183105469,
        "IoU.wardrobe": 0.6423999786376953,
        "IoU.lamp": 0.7780000305175782,
        "IoU.bathtub": 0.8344999694824219,
        "IoU.railing": 0.45279998779296876,
        "IoU.cushion": 0.7444999694824219,
        "IoU.base": 0.39310001373291015,
        "IoU.box": 0.412400016784668,
        "IoU.column": 0.6029999923706054,
        "IoU.signboard": 0.41950000762939454,
        "IoU.chest of drawers": 0.5554000091552734,
        "IoU.counter": 0.6441999816894531,
        "IoU.sand": 0.6320999908447266,
        "IoU.sink": 0.8208999633789062,
        "IoU.skyscraper": 0.38869998931884764,
        "IoU.fireplace": 0.7662000274658203,
        "IoU.refrigerator": 0.8454000091552735,
        "IoU.grandstand": 0.5591999816894532,
        "IoU.path": 0.3315999984741211,
        "IoU.stairs": 0.36959999084472656,
        "IoU.runway": 0.7169999694824218,
        "IoU.case": 0.5793999862670899,
        "IoU.pool table": 0.9525,
        "IoU.pillow": 0.7055000305175781,
        "IoU.screen door": 0.8270999908447265,
        "IoU.stairway": 0.44979999542236326,
        "IoU.river": 0.16049999237060547,
        "IoU.bridge": 0.5604999923706054,
        "IoU.bookcase": 0.42459999084472655,
        "IoU.blind": 0.41810001373291017,
        "IoU.coffee table": 0.5683000183105469,
        "IoU.toilet": 0.9125,
        "IoU.flower": 0.4663999938964844,
        "IoU.book": 0.5604999923706054,
        "IoU.hill": 0.1443000030517578,
        "IoU.bench": 0.5872000122070312,
        "IoU.countertop": 0.6519999694824219,
        "IoU.stove": 0.7976999664306641,
        "IoU.palm": 0.5533000183105469,
        "IoU.kitchen island": 0.5131999969482421,
        "IoU.computer": 0.8087000274658203,
        "IoU.swivel chair": 0.42270000457763673,
        "IoU.boat": 0.6708000183105469,
        "IoU.bar": 0.7415000152587891,
        "IoU.arcade machine": 0.9211000061035156,
        "IoU.hovel": 0.3352000045776367,
        "IoU.bus": 0.9506999969482421,
        "IoU.towel": 0.7605000305175781,
        "IoU.light": 0.5988999938964844,
        "IoU.truck": 0.5238000106811523,
        "IoU.tower": 0.2836000061035156,
        "IoU.chandelier": 0.747699966430664,
        "IoU.awning": 0.39990001678466797,
        "IoU.streetlight": 0.42060001373291017,
        "IoU.booth": 0.5472000122070313,
        "IoU.television receiver": 0.8343000030517578,
        "IoU.airplane": 0.8976000213623047,
        "IoU.dirt track": 0.19590000152587891,
        "IoU.apparel": 0.6570999908447266,
        "IoU.pole": 0.27780000686645506,
        "IoU.land": 0.05309999942779541,
        "IoU.bannister": 0.2246999931335449,
        "IoU.escalator": 0.6322000122070313,
        "IoU.ottoman": 0.5349000167846679,
        "IoU.bottle": 0.4729000091552734,
        "IoU.buffet": 0.5279999923706055,
        "IoU.poster": 0.4090999984741211,
        "IoU.stage": 0.30989999771118165,
        "IoU.van": 0.5522999954223633,
        "IoU.ship": 0.9069999694824219,
        "IoU.fountain": 0.4986000061035156,
        "IoU.conveyer belt": 0.7762000274658203,
        "IoU.canopy": 0.5445000076293945,
        "IoU.washer": 0.8573999786376953,
        "IoU.plaything": 0.34900001525878904,
        "IoU.swimming pool": 0.5452999877929687,
        "IoU.stool": 0.5595999908447266,
        "IoU.barrel": 0.8540000152587891,
        "IoU.basket": 0.5058000183105469,
        "IoU.waterfall": 0.513499984741211,
        "IoU.tent": 0.9588999938964844,
        "IoU.bag": 0.2393000030517578,
        "IoU.minibike": 0.7669000244140625,
        "IoU.cradle": 0.892300033569336,
        "IoU.oven": 0.545,
        "IoU.ball": 0.6286000061035156,
        "IoU.food": 0.5820999908447265,
        "IoU.step": 0.11020000457763672,
        "IoU.tank": 0.4856000137329102,
        "IoU.trade name": 0.24030000686645508,
        "IoU.microwave": 0.8454000091552735,
        "IoU.pot": 0.6511000061035156,
        "IoU.animal": 0.7108000183105468,
        "IoU.bicycle": 0.6279999923706054,
        "IoU.lake": 0.545099983215332,
        "IoU.dishwasher": 0.7675,
        "IoU.screen": 0.6537999725341797,
        "IoU.blanket": 0.327599983215332,
        "IoU.sculpture": 0.8012000274658203,
        "IoU.hood": 0.705999984741211,
        "IoU.sconce": 0.6236000061035156,
        "IoU.vase": 0.5220999908447266,
        "IoU.traffic light": 0.4256999969482422,
        "IoU.tray": 0.26979999542236327,
        "IoU.ashcan": 0.5495000076293945,
        "IoU.fan": 0.7087999725341797,
        "IoU.pier": 0.6854000091552734,
        "IoU.crt screen": 0.019700000286102293,
        "IoU.plate": 0.6425,
        "IoU.monitor": 0.45740001678466796,
        "IoU.bulletin board": 0.7166999816894531,
        "IoU.shower": 0.1515999984741211,
        "IoU.radiator": 0.6529000091552735,
        "IoU.glass": 0.23920000076293946,
        "IoU.clock": 0.6034999847412109,
        "IoU.flag": 0.7183999633789062,
        "Acc.wall": 0.9105000305175781,
        "Acc.building": 0.9359999847412109,
        "Acc.sky": 0.9784999847412109,
        "Acc.floor": 0.9194999694824219,
        "Acc.tree": 0.8937000274658203,
        "Acc.ceiling": 0.9441999816894531,
        "Acc.road": 0.928499984741211,
        "Acc.bed ": 0.9758999633789063,
        "Acc.windowpane": 0.8201000213623046,
        "Acc.grass": 0.8426000213623047,
        "Acc.cabinet": 0.7541999816894531,
        "Acc.sidewalk": 0.8556999969482422,
        "Acc.person": 0.951500015258789,
        "Acc.earth": 0.5402000045776367,
        "Acc.door": 0.7591999816894531,
        "Acc.table": 0.8080000305175781,
        "Acc.mountain": 0.7291999816894531,
        "Acc.plant": 0.6836000061035157,
        "Acc.curtain": 0.8877999877929688,
        "Acc.chair": 0.805,
        "Acc.car": 0.9469999694824218,
        "Acc.water": 0.769000015258789,
        "Acc.painting": 0.9233999633789063,
        "Acc.sofa": 0.9206999969482422,
        "Acc.shelf": 0.6709999847412109,
        "Acc.house": 0.6336999893188476,
        "Acc.sea": 0.8852999877929687,
        "Acc.mirror": 0.8701000213623047,
        "Acc.rug": 0.7745999908447265,
        "Acc.field": 0.48580001831054687,
        "Acc.armchair": 0.8102999877929687,
        "Acc.seat": 0.8833000183105468,
        "Acc.fence": 0.655199966430664,
        "Acc.desk": 0.7991000366210937,
        "Acc.rock": 0.8662000274658204,