{
    "config": "/share/project/yxf/project/EVA_dev/src/semantic_segmentation/configs/eva02/upernet/upernet_eva2_base_12_512_slide_60k.py",
    "metric": {
        "aAcc": 0.8541,
        "mIoU": 0.5525,
        "mAcc": 0.6681,
        "IoU.wall": 0.8116000366210937,
        "IoU.building": 0.8480000305175781,
        "IoU.sky": 0.9472000122070312,
        "IoU.floor": 0.8412999725341797,
        "IoU.tree": 0.7680999755859375,
        "IoU.ceiling": 0.8605999755859375,
        "IoU.road": 0.8520999908447265,
        "IoU.bed ": 0.9095999908447265,
        "IoU.windowpane": 0.6604000091552734,
        "IoU.grass": 0.6604000091552734,
        "IoU.cabinet": 0.6391999816894531,
        "IoU.sidewalk": 0.6952999877929688,
        "IoU.person": 0.8394000244140625,
        "IoU.earth": 0.3827000045776367,
        "IoU.door": 0.6034000015258789,
        "IoU.table": 0.69,
        "IoU.mountain": 0.615,
        "IoU.plant": 0.5611999893188476,
        "IoU.curtain": 0.7663999938964844,
        "IoU.chair": 0.6462000274658203,
        "IoU.car": 0.8695999908447266,
        "IoU.water": 0.6444000244140625,
        "IoU.painting": 0.7613999938964844,
        "IoU.sofa": 0.7458000183105469,
        "IoU.shelf": 0.5015999984741211,
        "IoU.house": 0.5604000091552734,
        "IoU.sea": 0.7233999633789062,
        "IoU.mirror": 0.7530999755859376,
        "IoU.rug": 0.6777999877929688,
        "IoU.field": 0.2593000030517578,
        "IoU.armchair": 0.5411000061035156,
        "IoU.seat": 0.6120000076293945,
        "IoU.fence": 0.43779998779296875,
        "IoU.desk": 0.5984000015258789,
        "IoU.rock": 0.5241999816894531,
        "IoU.wardrobe": 0.504900016784668,
        "IoU.lamp": 0.700999984741211,
        "IoU.bathtub": 0.8387999725341797,
        "IoU.railing": 0.37540000915527344,
        "IoU.cushion": 0.6744999694824219,
        "IoU.base": 0.38459999084472657,
        "IoU.box": 0.34630001068115235,
        "IoU.column": 0.49200000762939455,
        "IoU.signboard": 0.4190999984741211,
        "IoU.chest of drawers": 0.38110000610351563,
        "IoU.counter": 0.38490001678466795,
        "IoU.sand": 0.5325999832153321,
        "IoU.sink": 0.7629000091552735,
        "IoU.skyscraper": 0.3493000030517578,
        "IoU.fireplace": 0.7481999969482422,
        "IoU.refrigerator": 0.8333000183105469,
        "IoU.grandstand": 0.48700000762939455,
        "IoU.path": 0.25010000228881835,
        "IoU.stairs": 0.30200000762939455,
        "IoU.runway": 0.7111000061035156,
        "IoU.case": 0.49150001525878906,
        "IoU.pool table": 0.9409999847412109,
        "IoU.pillow": 0.6034000015258789,
        "IoU.screen door": 0.767300033569336,
        "IoU.stairway": 0.369900016784668,
        "IoU.river": 0.11390000343322754,
        "IoU.bridge": 0.7430999755859375,
        "IoU.bookcase": 0.44540000915527345,
        "IoU.blind": 0.46310001373291015,
        "IoU.coffee table": 0.6340999984741211,
        "IoU.toilet": 0.8781999969482421,
        "IoU.flower": 0.4818000030517578,
        "IoU.book": 0.5206000137329102,
        "IoU.hill": 0.0584000015258789,
        "IoU.bench": 0.5095000076293945,
        "IoU.countertop": 0.6256999969482422,
        "IoU.stove": 0.8188999938964844,
        "IoU.palm": 0.5175999832153321,
        "IoU.kitchen island": 0.4729000091552734,
        "IoU.computer": 0.775199966430664,
        "IoU.swivel chair": 0.46529998779296877,
        "IoU.boat": 0.7568000030517578,
        "IoU.bar": 0.5784000015258789,
        "IoU.arcade machine": 0.704800033569336,
        "IoU.hovel": 0.5115999984741211,
        "IoU.bus": 0.9345999908447266,
        "IoU.towel": 0.7019999694824218,
        "IoU.light": 0.5981999969482422,
        "IoU.truck": 0.4545000076293945,
        "IoU.tower": 0.32930000305175783,
        "IoU.chandelier": 0.7275,
        "IoU.awning": 0.3656000137329102,
        "IoU.streetlight": 0.32599998474121095,
        "IoU.booth": 0.5661999893188476,
        "IoU.television receiver": 0.7575,
        "IoU.airplane": 0.8469999694824218,
        "IoU.dirt track": 0.04949999809265137,
        "IoU.apparel": 0.45729999542236327,
        "IoU.pole": 0.28450000762939454,
        "IoU.land": 0.04,
        "IoU.bannister": 0.17309999465942383,
        "IoU.escalator": 0.5877999877929687,
        "IoU.ottoman": 0.49689998626708987,
        "IoU.bottle": 0.40900001525878904,
        "IoU.buffet": 0.40819999694824216,
        "IoU.poster": 0.26530000686645505,
        "IoU.stage": 0.18270000457763672,
        "IoU.van": 0.5025,
        "IoU.ship": 0.13960000038146972,
        "IoU.fountain": 0.35569999694824217,
        "IoU.conveyer belt": 0.6794000244140626,
        "IoU.canopy": 0.38970001220703127,
        "IoU.washer": 0.7830000305175782,
        "IoU.plaything": 0.36720001220703125,
        "IoU.swimming pool": 0.7930999755859375,
        "IoU.stool": 0.5356999969482422,
        "IoU.barrel": 0.6636000061035157,
        "IoU.basket": 0.460099983215332,
        "IoU.waterfall": 0.4581999969482422,
        "IoU.tent": 0.908499984741211,
        "IoU.bag": 0.195,
        "IoU.minibike": 0.7305999755859375,
        "IoU.cradle": 0.8725,
        "IoU.oven": 0.6483000183105468,
        "IoU.ball": 0.5602000045776367,
        "IoU.food": 0.6234000015258789,
        "IoU.step": 0.12550000190734864,
        "IoU.tank": 0.6129999923706054,
        "IoU.trade name": 0.32169998168945313,
        "IoU.microwave": 0.8687000274658203,
        "IoU.pot": 0.5697000122070313,
        "IoU.animal": 0.6401000213623047,
        "IoU.bicycle": 0.6133000183105469,
        "IoU.lake": 0.6038999938964844,
        "IoU.dishwasher": 0.7276000213623047,
        "IoU.screen": 0.4765999984741211,
        "IoU.blanket": 0.2215999984741211,
        "IoU.sculpture": 0.6940000152587891,
        "IoU.hood": 0.6958999633789062,
        "IoU.sconce": 0.5631000137329102,
        "IoU.vase": 0.48330001831054686,
        "IoU.traffic light": 0.41709999084472654,
        "IoU.tray": 0.13859999656677247,
        "IoU.ashcan": 0.4090999984741211,
        "IoU.fan": 0.6833999633789063,
        "IoU.pier": 0.308799991607666,
        "IoU.crt screen": 0.017200000286102295,
        "IoU.plate": 0.5940000152587891,
        "IoU.monitor": 0.6383000183105468,
        "IoU.bulletin board": 0.3681999969482422,
        "IoU.shower": 0.022799999713897706,
        "IoU.radiator": 0.6154999923706055,
        "IoU.glass": 0.17959999084472655,
        "IoU.clock": 0.4256999969482422,
        "IoU.flag": 0.6715000152587891,
        "Acc.wall": 0.9030999755859375,
        "Acc.building": 0.9323000335693359,
        "Acc.sky": 0.9755000305175782,
        "Acc.floor": 0.9255999755859375,
        "Acc.tree": 0.8912000274658203,
        "Acc.ceiling": 0.9320999908447266,
        "Acc.road": 0.9087000274658203,
        "Acc.bed ": 0.9638999938964844,
        "Acc.windowpane": 0.8080000305175781,
        "Acc.grass": 0.8033000183105469,
        "Acc.cabinet": 0.755,
        "Acc.sidewalk": 0.8416000366210937,
        "Acc.person": 0.9368000030517578,
        "Acc.earth": 0.5052999877929687,
        "Acc.door": 0.740999984741211,
        "Acc.table": 0.815,
        "Acc.mountain": 0.7455000305175781,
        "Acc.plant": 0.6688999938964844,
        "Acc.curtain": 0.8905000305175781,
        "Acc.chair": 0.7581999969482421,
        "Acc.car": 0.9387999725341797,
        "Acc.water": 0.8066000366210937,
        "Acc.painting": 0.9070999908447266,
        "Acc.sofa": 0.8627999877929687,
        "Acc.shelf": 0.6433000183105468,
        "Acc.house": 0.7101999664306641,
        "Acc.sea": 0.8386000061035156,
        "Acc.mirror": 0.8345999908447266,
        "Acc.rug": 0.773499984741211,
        "Acc.field": 0.45599998474121095,
        "Acc.armchair": 0.7394000244140625,
        "Acc.seat": 0.875,
        "Acc.fence": 0.582599983215332,
        "Acc.desk": 0.7633000183105468,
        "Acc.rock": 0.8041999816894532,
        "Acc.wardrobe": 0.6743000030517579,