{
    "config": "/share/project/yxf/project/EVA_dev/src/semantic_segmentation/configs/beit/upernet/upernet_eva2_large_24_896_slide_ms_eval.py",
    "metric": {
        "aAcc": 0.8687999999999999,
        "mIoU": 0.5958,
        "mAcc": 0.7156,
        "IoU.wall": 0.8326000213623047,
        "IoU.building": 0.8598999786376953,
        "IoU.sky": 0.9520999908447265,
        "IoU.floor": 0.8534999847412109,
        "IoU.tree": 0.7802999877929687,
        "IoU.ceiling": 0.8808000183105469,
        "IoU.road": 0.8734999847412109,
        "IoU.bed ": 0.9327999877929688,
        "IoU.windowpane": 0.6763999938964844,
        "IoU.grass": 0.6920999908447265,
        "IoU.cabinet": 0.6606999969482422,
        "IoU.sidewalk": 0.7301999664306641,
        "IoU.person": 0.8680999755859375,
        "IoU.earth": 0.39349998474121095,
        "IoU.door": 0.6347000122070312,
        "IoU.table": 0.7161000061035157,
        "IoU.mountain": 0.6379999923706055,
        "IoU.plant": 0.5531999969482422,
        "IoU.curtain": 0.7936000061035157,
        "IoU.chair": 0.7066000366210937,
        "IoU.car": 0.8868000030517578,
        "IoU.water": 0.6108000183105469,
        "IoU.painting": 0.8162000274658203,
        "IoU.sofa": 0.8473000335693359,
        "IoU.shelf": 0.492400016784668,
        "IoU.house": 0.5775,
        "IoU.sea": 0.7195999908447266,
        "IoU.mirror": 0.7969000244140625,
        "IoU.rug": 0.658499984741211,
        "IoU.field": 0.365,
        "IoU.armchair": 0.6320000076293946,
        "IoU.seat": 0.6991999816894531,
        "IoU.fence": 0.5431999969482422,
        "IoU.desk": 0.5970999908447265,
        "IoU.rock": 0.5661000061035156,
        "IoU.wardrobe": 0.5556000137329101,
        "IoU.lamp": 0.7831999969482422,
        "IoU.bathtub": 0.8658999633789063,
        "IoU.railing": 0.42279998779296873,
        "IoU.cushion": 0.7445999908447266,
        "IoU.base": 0.3834000015258789,
        "IoU.box": 0.41220001220703123,
        "IoU.column": 0.5691999816894531,
        "IoU.signboard": 0.42709999084472655,
        "IoU.chest of drawers": 0.4588999938964844,
        "IoU.counter": 0.39430000305175783,
        "IoU.sand": 0.605099983215332,
        "IoU.sink": 0.8387999725341797,
        "IoU.skyscraper": 0.4672999954223633,
        "IoU.fireplace": 0.7393000030517578,
        "IoU.refrigerator": 0.8161000061035156,
        "IoU.grandstand": 0.6208000183105469,
        "IoU.path": 0.293700008392334,
        "IoU.stairs": 0.5218999862670899,
        "IoU.runway": 0.725,
        "IoU.case": 0.5429999923706055,
        "IoU.pool table": 0.9580999755859375,
        "IoU.pillow": 0.6766000366210938,
        "IoU.screen door": 0.8080000305175781,
        "IoU.stairway": 0.3895000076293945,
        "IoU.river": 0.10229999542236329,
        "IoU.bridge": 0.582599983215332,
        "IoU.bookcase": 0.45799999237060546,
        "IoU.blind": 0.429900016784668,
        "IoU.coffee table": 0.6077999877929687,
        "IoU.toilet": 0.9162999725341797,
        "IoU.flower": 0.48889999389648436,
        "IoU.book": 0.6008000183105469,
        "IoU.hill": 0.1315999984741211,
        "IoU.bench": 0.6213000106811524,
        "IoU.countertop": 0.6451000213623047,
        "IoU.stove": 0.8238999938964844,
        "IoU.palm": 0.5604999923706054,
        "IoU.kitchen island": 0.5156000137329102,
        "IoU.computer": 0.7965000152587891,
        "IoU.swivel chair": 0.4843000030517578,
        "IoU.boat": 0.5583000183105469,
        "IoU.bar": 0.7169000244140625,
        "IoU.arcade machine": 0.6043999862670898,
        "IoU.hovel": 0.20549999237060546,
        "IoU.bus": 0.9498999786376953,
        "IoU.towel": 0.7898999786376953,
        "IoU.light": 0.6443000030517578,
        "IoU.truck": 0.5504999923706054,
        "IoU.tower": 0.2559000015258789,
        "IoU.chandelier": 0.7420999908447266,
        "IoU.awning": 0.3666999816894531,
        "IoU.streetlight": 0.3997000122070313,
        "IoU.booth": 0.6377999877929688,
        "IoU.television receiver": 0.8037000274658204,
        "IoU.airplane": 0.9180000305175782,
        "IoU.dirt track": 0.22260000228881835,
        "IoU.apparel": 0.5979999923706054,
        "IoU.pole": 0.2984000015258789,
        "IoU.land": 0.0425,
        "IoU.bannister": 0.23190000534057617,
        "IoU.escalator": 0.6425,
        "IoU.ottoman": 0.5461999893188476,
        "IoU.bottle": 0.46950000762939453,
        "IoU.buffet": 0.4697000122070312,
        "IoU.poster": 0.3909000015258789,
        "IoU.stage": 0.24139999389648437,
        "IoU.van": 0.5102000045776367,
        "IoU.ship": 0.7609999847412109,
        "IoU.fountain": 0.4356999969482422,
        "IoU.conveyer belt": 0.7620999908447266,
        "IoU.canopy": 0.605,
        "IoU.washer": 0.8781999969482421,
        "IoU.plaything": 0.3185000038146973,
        "IoU.swimming pool": 0.465099983215332,
        "IoU.stool": 0.5956000137329102,
        "IoU.barrel": 0.8361000061035156,
        "IoU.basket": 0.4884000015258789,
        "IoU.waterfall": 0.4881000137329102,
        "IoU.tent": 0.9401000213623046,
        "IoU.bag": 0.29100000381469726,
        "IoU.minibike": 0.7870999908447266,
        "IoU.cradle": 0.8694000244140625,
        "IoU.oven": 0.659000015258789,
        "IoU.ball": 0.5656999969482421,
        "IoU.food": 0.5709000015258789,
        "IoU.step": 0.088100004196167,
        "IoU.tank": 0.6327999877929688,
        "IoU.trade name": 0.2961000061035156,
        "IoU.microwave": 0.9101000213623047,
        "IoU.pot": 0.6737999725341797,
        "IoU.animal": 0.669000015258789,
        "IoU.bicycle": 0.6388999938964843,
        "IoU.lake": 0.5770999908447265,
        "IoU.dishwasher": 0.7794999694824218,
        "IoU.screen": 0.6204000091552735,
        "IoU.blanket": 0.40900001525878904,
        "IoU.sculpture": 0.8401000213623047,
        "IoU.hood": 0.6563999938964844,
        "IoU.sconce": 0.6245999908447266,
        "IoU.vase": 0.5399000167846679,
        "IoU.traffic light": 0.47869998931884766,
        "IoU.tray": 0.31879999160766603,
        "IoU.ashcan": 0.577400016784668,
        "IoU.fan": 0.7512999725341797,
        "IoU.pier": 0.5008000183105469,
        "IoU.crt screen": 0.014900000095367431,
        "IoU.plate": 0.6870999908447266,
        "IoU.monitor": 0.3110000038146973,
        "IoU.bulletin board": 0.6338999938964843,
        "IoU.shower": 0.1475,
        "IoU.radiator": 0.6870999908447266,
        "IoU.glass": 0.2570000076293945,
        "IoU.clock": 0.6004999923706055,
        "IoU.flag": 0.699800033569336,
        "Acc.wall": 0.9069000244140625,
        "Acc.building": 0.9366000366210937,
        "Acc.sky": 0.9783000183105469,
        "Acc.floor": 0.9226999664306641,
        "Acc.tree": 0.9016999816894531,
        "Acc.ceiling": 0.9473999786376953,
        "Acc.road": 0.9283000183105469,
        "Acc.bed ": 0.9762000274658204,
        "Acc.windowpane": 0.8269999694824218,
        "Acc.grass": 0.8394999694824219,
        "Acc.cabinet": 0.7730999755859375,
        "Acc.sidewalk": 0.8445999908447266,
        "Acc.person": 0.9548999786376953,
        "Acc.earth": 0.5116999816894531,
        "Acc.door": 0.7705999755859375,
        "Acc.table": 0.8194000244140625,
        "Acc.mountain": 0.7561000061035156,
        "Acc.plant": 0.6754000091552734,
        "Acc.curtain": 0.8855999755859375,
        "Acc.chair": 0.8176000213623047,
        "Acc.car": 0.9466999816894531,
        "Acc.water": 0.765199966430664,
        "Acc.painting": 0.9137000274658204,
        "Acc.sofa": 0.9286000061035157,
        "Acc.shelf": 0.6218999862670899,
        "Acc.house": 0.7447000122070313,
        "Acc.sea": 0.865,
        "Acc.mirror": 0.8837999725341796,
        "Acc.rug": 0.7702999877929687,
        "Acc.field": 0.5700999832153321,
        "Acc.armchair": 0.7981999969482422,
        "Acc.seat": 0.9051000213623047,
        "Acc.fence": 0.6622000122070313,
        "Acc.desk": 0.795,
        "Acc.rock": 0.8798000335693359,
        "Acc.wardrobe": 0.7658000183105469,