{
    "config": "/share/project/yxf/project/EVA_dev/seg/configs/eva02/upernet/upernet_eva02_large_24_512_slide_ms_eval.py",
    "metric": {
        "aAcc": 0.8698,
        "mIoU": 0.6042000000000001,
        "mAcc": 0.7254,
        "IoU.wall": 0.8319000244140625,
        "IoU.building": 0.8576000213623047,
        "IoU.sky": 0.9516000366210937,
        "IoU.floor": 0.8551999664306641,
        "IoU.tree": 0.7820999908447266,
        "IoU.ceiling": 0.8794999694824219,
        "IoU.road": 0.8698999786376953,
        "IoU.bed ": 0.9341000366210938,
        "IoU.windowpane": 0.6730000305175782,
        "IoU.grass": 0.6972000122070312,
        "IoU.cabinet": 0.6916999816894531,
        "IoU.sidewalk": 0.7273000335693359,
        "IoU.person": 0.865,
        "IoU.earth": 0.41049999237060547,
        "IoU.door": 0.6102999877929688,
        "IoU.table": 0.6991000366210938,
        "IoU.mountain": 0.6347000122070312,
        "IoU.plant": 0.5509000015258789,
        "IoU.curtain": 0.7929000091552735,
        "IoU.chair": 0.6868000030517578,
        "IoU.car": 0.8875,
        "IoU.water": 0.6241999816894531,
        "IoU.painting": 0.8219999694824218,
        "IoU.sofa": 0.842699966430664,
        "IoU.shelf": 0.5356000137329101,
        "IoU.house": 0.534000015258789,
        "IoU.sea": 0.7797000122070312,
        "IoU.mirror": 0.8033000183105469,
        "IoU.rug": 0.6458999633789062,
        "IoU.field": 0.30100000381469727,
        "IoU.armchair": 0.6411000061035156,
        "IoU.seat": 0.6695999908447265,
        "IoU.fence": 0.5163000106811524,
        "IoU.desk": 0.6095999908447266,
        "IoU.rock": 0.5902999877929688,
        "IoU.wardrobe": 0.5697999954223633,
        "IoU.lamp": 0.7937000274658204,
        "IoU.bathtub": 0.8601999664306641,
        "IoU.railing": 0.44409999847412107,
        "IoU.cushion": 0.7491999816894531,
        "IoU.base": 0.48060001373291017,
        "IoU.box": 0.4336999893188477,
        "IoU.column": 0.5779999923706055,
        "IoU.signboard": 0.44479999542236326,
        "IoU.chest of drawers": 0.48060001373291017,
        "IoU.counter": 0.580999984741211,
        "IoU.sand": 0.5997999954223633,
        "IoU.sink": 0.8279000091552734,
        "IoU.skyscraper": 0.48330001831054686,
        "IoU.fireplace": 0.7805999755859375,
        "IoU.refrigerator": 0.86,
        "IoU.grandstand": 0.5211000061035156,
        "IoU.path": 0.25040000915527344,
        "IoU.stairs": 0.4143000030517578,
        "IoU.runway": 0.7144000244140625,
        "IoU.case": 0.5838000106811524,
        "IoU.pool table": 0.9572000122070312,
        "IoU.pillow": 0.7248999786376953,
        "IoU.screen door": 0.734800033569336,
        "IoU.stairway": 0.41810001373291017,
        "IoU.river": 0.13489999771118164,
        "IoU.bridge": 0.6916000366210937,
        "IoU.bookcase": 0.4261000061035156,
        "IoU.blind": 0.41770000457763673,
        "IoU.coffee table": 0.5915999984741211,
        "IoU.toilet": 0.9212999725341797,
        "IoU.flower": 0.4434000015258789,
        "IoU.book": 0.5588000106811524,
        "IoU.hill": 0.1422000026702881,
        "IoU.bench": 0.5977000045776367,
        "IoU.countertop": 0.649000015258789,
        "IoU.stove": 0.8522000122070312,
        "IoU.palm": 0.5541999816894532,
        "IoU.kitchen island": 0.5718000030517578,
        "IoU.computer": 0.8016999816894531,
        "IoU.swivel chair": 0.46279998779296877,
        "IoU.boat": 0.7027999877929687,
        "IoU.bar": 0.7263999938964844,
        "IoU.arcade machine": 0.8513999938964844,
        "IoU.hovel": 0.2259000015258789,
        "IoU.bus": 0.9473999786376953,
        "IoU.towel": 0.7704000091552734,
        "IoU.light": 0.6197999954223633,
        "IoU.truck": 0.5293000030517578,
        "IoU.tower": 0.3661000061035156,
        "IoU.chandelier": 0.7683000183105468,
        "IoU.awning": 0.4059000015258789,
        "IoU.streetlight": 0.4184000015258789,
        "IoU.booth": 0.5583000183105469,
        "IoU.television receiver": 0.8104000091552734,
        "IoU.airplane": 0.9,
        "IoU.dirt track": 0.1459000015258789,
        "IoU.apparel": 0.6948999786376953,
        "IoU.pole": 0.26149999618530273,
        "IoU.land": 0.03740000009536743,
        "IoU.bannister": 0.19899999618530273,
        "IoU.escalator": 0.6601000213623047,
        "IoU.ottoman": 0.577599983215332,
        "IoU.bottle": 0.48689998626708986,
        "IoU.buffet": 0.6638999938964844,
        "IoU.poster": 0.4015000152587891,
        "IoU.stage": 0.3358000183105469,
        "IoU.van": 0.5402999877929687,
        "IoU.ship": 0.8036000061035157,
        "IoU.fountain": 0.4413999938964844,
        "IoU.conveyer belt": 0.8144999694824219,
        "IoU.canopy": 0.5452000045776367,
        "IoU.washer": 0.8647000122070313,
        "IoU.plaything": 0.30290000915527343,
        "IoU.swimming pool": 0.5315999984741211,
        "IoU.stool": 0.562599983215332,
        "IoU.barrel": 0.8405999755859375,
        "IoU.basket": 0.4759000015258789,
        "IoU.waterfall": 0.5218999862670899,
        "IoU.tent": 0.9186000061035157,
        "IoU.bag": 0.28280000686645507,
        "IoU.minibike": 0.7766000366210938,
        "IoU.cradle": 0.8652999877929688,
        "IoU.oven": 0.6084000015258789,
        "IoU.ball": 0.6606999969482422,
        "IoU.food": 0.6140999984741211,
        "IoU.step": 0.114399995803833,
        "IoU.tank": 0.6231999969482422,
        "IoU.trade name": 0.3159000015258789,
        "IoU.microwave": 0.897300033569336,
        "IoU.pot": 0.6830000305175781,
        "IoU.animal": 0.6615000152587891,
        "IoU.bicycle": 0.6222000122070312,
        "IoU.lake": 0.537400016784668,
        "IoU.dishwasher": 0.7926000213623047,
        "IoU.screen": 0.6841000366210938,
        "IoU.blanket": 0.40669998168945315,
        "IoU.sculpture": 0.8005999755859375,
        "IoU.hood": 0.8461000061035157,
        "IoU.sconce": 0.6458999633789062,
        "IoU.vase": 0.507400016784668,
        "IoU.traffic light": 0.4465999984741211,
        "IoU.tray": 0.26549999237060545,
        "IoU.ashcan": 0.5729999923706055,
        "IoU.fan": 0.7201000213623047,
        "IoU.pier": 0.38979999542236327,
        "IoU.crt screen": 0.025399999618530275,
        "IoU.plate": 0.6413999938964844,
        "IoU.monitor": 0.532400016784668,
        "IoU.bulletin board": 0.5602000045776367,
        "IoU.shower": 0.141899995803833,
        "IoU.radiator": 0.6755999755859375,
        "IoU.glass": 0.24799999237060547,
        "IoU.clock": 0.6138000106811523,
        "IoU.flag": 0.7148999786376953,
        "Acc.wall": 0.9088999938964843,
        "Acc.building": 0.9359999847412109,
        "Acc.sky": 0.9780999755859375,
        "Acc.floor": 0.9270999908447266,
        "Acc.tree": 0.8963999938964844,
        "Acc.ceiling": 0.9469000244140625,
        "Acc.road": 0.919000015258789,
        "Acc.bed ": 0.9756999969482422,
        "Acc.windowpane": 0.8241000366210938,
        "Acc.grass": 0.8318000030517578,
        "Acc.cabinet": 0.7852999877929687,
        "Acc.sidewalk": 0.859800033569336,
        "Acc.person": 0.9545999908447266,
        "Acc.earth": 0.5195000076293945,
        "Acc.door": 0.7458999633789063,
        "Acc.table": 0.8098000335693359,
        "Acc.mountain": 0.7616000366210938,
        "Acc.plant": 0.6920999908447265,
        "Acc.curtain": 0.8898999786376953,
        "Acc.chair": 0.7961000061035156,
        "Acc.car": 0.9462000274658203,
        "Acc.water": 0.7776999664306641,
        "Acc.painting": 0.9187999725341797,
        "Acc.sofa": 0.9183000183105469,
        "Acc.shelf": 0.6805000305175781,
        "Acc.house": 0.6948999786376953,
        "Acc.sea": 0.8933999633789063,
        "Acc.mirror": 0.8798000335693359,
        "Acc.rug": 0.7479000091552734,
        "Acc.field": 0.46700000762939453,
        "Acc.armchair": 0.8019999694824219,
        "Acc.seat": 0.8997000122070312,
        "Acc.fence": 0.6530000305175782,
        "Acc.desk": 0.7731999969482422,
        "Acc.rock": 0.8897000122070312,